

INSERT INTO `sy_permission_module` VALUES (1248774936708153345, '代理商', 0, 0, 1231064253191327746, '2020-04-11 08:48:41', '172.17.0.1', '2020-04-11 08:48:40');
INSERT INTO `sy_permission_module` VALUES (1248775055671197697, '交易记录', 1248774936708153345, 0, 1231064253191327746, '2020-04-11 08:49:09', '172.17.0.1', '2020-04-11 08:49:09');
INSERT INTO `sy_permission_module` VALUES (1248775238983254018, '银行卡', 1248774936708153345, 0, 1231064253191327746, '2020-04-11 08:49:53', '172.17.0.1', '2020-04-11 08:49:52');
INSERT INTO `sy_permission_module` VALUES (1248775324303785986, '申请', 1248774936708153345, 0, 1231064253191327746, '2020-04-11 08:50:13', '172.17.0.1', '2020-04-11 08:50:13');
INSERT INTO `sy_permission_module` VALUES (1248775350195224577, '主体信息', 1248774936708153345, 0, 1231064253191327746, '2020-04-11 08:50:19', '172.17.0.1', '2020-04-11 08:50:19');
INSERT INTO `sy_permission_module` VALUES (1248777918833152002, '发型师', 0, 0, 1231064253191327746, '2020-04-11 09:00:32', '172.17.0.1', '2020-04-11 09:00:31');
INSERT INTO `sy_permission_module` VALUES (1248778027683729410, '作品案例', 1248777918833152002, 0, 1231064253191327746, '2020-04-11 09:00:58', '172.17.0.1', '2020-04-11 09:00:57');
INSERT INTO `sy_permission_module` VALUES (1248778976267522050, '基础设置', 0, 0, 1231064253191327746, '2020-04-11 09:04:44', '172.17.0.1', '2020-04-11 09:04:43');
INSERT INTO `sy_permission_module` VALUES (1248779006126772225, '半价时间', 1248778976267522050, 0, 1231064253191327746, '2020-04-11 09:04:51', '172.17.0.1', '2020-04-11 09:04:50');
INSERT INTO `sy_permission_module` VALUES (1248780818867212290, '主体信息', 1248777918833152002, 0, 1231064253191327746, '2020-04-11 09:12:03', '172.17.0.1', '2020-04-11 09:12:03');
INSERT INTO `sy_permission_module` VALUES (1248782270616489985, '发型师职称', 1248778976267522050, 0, 1231064253191327746, '2020-04-11 09:17:49', '172.17.0.1', '2020-04-11 09:17:49');
INSERT INTO `sy_permission_module` VALUES (1248783765709705218, '系统设置', 1248778976267522050, 0, 1231064253191327746, '2020-04-11 09:23:46', '172.17.0.1', '2020-04-11 09:23:45');
INSERT INTO `sy_permission_module` VALUES (1248784489030012929, '审核', 0, 0, 1231064253191327746, '2020-04-11 09:26:38', '172.17.0.1', '2020-04-11 09:26:38');
INSERT INTO `sy_permission_module` VALUES (1248784521531674625, '审核记录', 1248784489030012929, 0, 1231064253191327746, '2020-04-11 09:26:46', '172.17.0.1', '2020-04-11 09:26:45');
INSERT INTO `sy_permission_module` VALUES (1248784783688257538, '平台', 0, 0, 1231064253191327746, '2020-04-11 09:27:48', '172.17.0.1', '2020-04-11 09:27:48');
INSERT INTO `sy_permission_module` VALUES (1248784821772537858, '交易记录', 1248784783688257538, 0, 1231064253191327746, '2020-04-11 09:27:57', '172.17.0.1', '2020-04-11 09:27:57');
INSERT INTO `sy_permission_module` VALUES (1248787398257987585, '店铺', 0, 0, 1231064253191327746, '2020-04-11 09:38:12', '172.17.0.1', '2020-04-11 09:38:11');
INSERT INTO `sy_permission_module` VALUES (1248787428918349826, '交易记录', 1248787398257987585, 0, 1231064253191327746, '2020-04-11 09:38:19', '172.17.0.1', '2020-04-11 09:38:19');
INSERT INTO `sy_permission_module` VALUES (1248789534383460353, '入驻申请', 1248787398257987585, 0, 1231064253191327746, '2020-04-11 09:46:41', '172.17.0.1', '2020-04-11 09:46:41');
INSERT INTO `sy_permission_module` VALUES (1248790372153741313, '单项折扣', 1248787398257987585, 0, 1231064253191327746, '2020-04-11 09:50:01', '172.17.0.1', '2020-04-11 09:50:00');
INSERT INTO `sy_permission_module` VALUES (1248791679262445569, '团购', 1248787398257987585, 0, 1231064253191327746, '2020-04-11 09:55:12', '172.17.0.1', '2020-04-11 09:55:12');
INSERT INTO `sy_permission_module` VALUES (1248792481997705218, '店铺抽成', 1248778976267522050, 0, 1231064253191327746, '2020-04-11 09:58:24', '172.17.0.1', '2020-04-11 09:58:23');
INSERT INTO `sy_permission_module` VALUES (1248793056432803842, '主体信息', 1248787398257987585, 0, 1231064253191327746, '2020-04-11 10:00:41', '172.17.0.1', '2020-04-11 10:00:40');
INSERT INTO `sy_permission_module` VALUES (1248794451009523714, '店铺服务标准', 1248778976267522050, 0, 1231064253191327746, '2020-04-11 10:06:13', '172.17.0.1', '2020-04-11 10:06:13');
INSERT INTO `sy_permission_module` VALUES (1248794952174325762, '服务订单', 1248787398257987585, 0, 1231064253191327746, '2020-04-11 10:08:13', '172.17.0.1', '2020-04-11 10:08:12');
INSERT INTO `sy_permission_module` VALUES (1248795158001405953, '悬赏动态', 0, 0, 1231064253191327746, '2020-04-11 10:09:02', '172.17.0.1', '2020-04-11 10:09:01');
INSERT INTO `sy_permission_module` VALUES (1248795606506721282, '意见反馈', 0, 0, 1231064253191327746, '2020-04-11 10:10:49', '172.17.0.1', '2020-04-11 10:10:48');
INSERT INTO `sy_permission_module` VALUES (1248798217930702850, '推广', 0, 0, 1231064253191327746, '2020-04-11 10:21:11', '172.17.0.1', '2020-04-11 10:21:11');
INSERT INTO `sy_permission_module` VALUES (1248798534080561154, '擅长领域', 1248778976267522050, 0, 1231064253191327746, '2020-04-11 10:22:27', '172.17.0.1', '2020-04-11 10:22:26');
INSERT INTO `sy_permission_module` VALUES (1248799099149778946, '服务项目', 1248778976267522050, 0, 1231064253191327746, '2020-04-11 10:24:41', '172.17.0.1', '2020-04-11 10:24:41');
INSERT INTO `sy_permission_module` VALUES (1248799603263176706, 'RBAC', 0, 0, 1231064253191327746, '2020-04-11 10:26:42', '172.17.0.1', '2020-04-11 10:26:41');
INSERT INTO `sy_permission_module` VALUES (1248799688780840961, '权限', 1248799603263176706, 0, 1231064253191327746, '2020-04-11 10:27:02', '172.17.0.1', '2020-04-11 10:27:02');
INSERT INTO `sy_permission_module` VALUES (1248807373316288514, '权限模块', 1248799603263176706, 0, 1231064253191327746, '2020-04-11 10:57:34', '172.17.0.1', '2020-04-11 10:57:34');
INSERT INTO `sy_permission_module` VALUES (1248807861612965890, '订单', 0, 0, 1231064253191327746, '2020-04-11 10:59:31', '172.17.0.1', '2020-04-11 10:59:30');
INSERT INTO `sy_permission_module` VALUES (1248808304669880321, '用户', 0, 0, 1231064253191327746, '2020-04-11 11:02:54', '172.17.0.1', '2020-04-11 11:01:16');
INSERT INTO `sy_permission_module` VALUES (1248808762083897345, '操作', 1248808304669880321, 0, 1231064253191327746, '2020-04-11 11:03:05', '172.17.0.1', '2020-04-11 11:03:05');
INSERT INTO `sy_permission_module` VALUES (1248808801564880897, '交易记录', 1248808304669880321, 0, 1231064253191327746, '2020-04-11 11:03:15', '172.17.0.1', '2020-04-11 11:03:14');
INSERT INTO `sy_permission_module` VALUES (1248809426084163586, '优惠券', 0, 0, 1231064253191327746, '2020-04-11 11:05:44', '172.17.0.1', '2020-04-11 11:05:43');
INSERT INTO `sy_permission_module` VALUES (1248809769513775106, '发型历史', 1248808304669880321, 0, 1231064253191327746, '2020-04-11 11:07:05', '172.17.0.1', '2020-04-11 11:07:05');
INSERT INTO `sy_permission_module` VALUES (1248810325619765250, '团购', 1248808304669880321, 0, 1231064253191327746, '2020-04-11 11:09:18', '172.17.0.1', '2020-04-11 11:09:18');
INSERT INTO `sy_permission_module` VALUES (1248812648232259586, '拓展信息', 1248808304669880321, 0, 1231064253191327746, '2020-04-11 11:18:32', '172.17.0.1', '2020-04-11 11:18:31');
INSERT INTO `sy_permission_module` VALUES (1248812950192787458, '主体信息', 1248808304669880321, 0, 1231064253191327746, '2020-04-11 11:19:44', '172.17.0.1', '2020-04-11 11:19:43');
INSERT INTO `sy_permission_module` VALUES (1248813998336774145, '用户组', 1248799603263176706, 0, 1231064253191327746, '2020-04-11 11:23:54', '172.17.0.1', '2020-04-11 11:23:53');
INSERT INTO `sy_permission_module` VALUES (1248814564723003393, '角色', 1248799603263176706, 0, 1231064253191327746, '2020-04-11 11:26:09', '172.17.0.1', '2020-04-11 11:26:08');
INSERT INTO `sy_permission_module` VALUES (1248817317000122370, '评论', 0, 0, 1231064253191327746, '2020-04-11 11:37:05', '172.17.0.1', '2020-04-11 11:37:04');
INSERT INTO `sy_permission_module` VALUES (1248818234608979969, '轮播图', 1248778976267522050, 0, 1231064253191327746, '2020-04-11 11:40:44', '172.17.0.1', '2020-04-11 11:40:43');
INSERT INTO `sy_permission_module` VALUES (1248818812533739522, '鲜花', 1248787398257987585, 0, 1231064253191327746, '2020-04-11 11:43:01', '172.17.0.1', '2020-04-11 11:43:01');


INSERT INTO `sy_permission` VALUES (1248775914815672322, '查询当前代理商交易记录', '/api/v1/agent/transaction/current', 1, 0, NULL, '2020-04-11 08:52:33', 1231064253191327746, '172.17.0.1', '2020-04-11 08:52:34', 1248775055671197697);
INSERT INTO `sy_permission` VALUES (1248776060668399618, '代理商提现申请', '/api/v1/agent/transaction/withdrawal', 2, 0, NULL, '2020-04-11 08:53:08', 1231064253191327746, '172.17.0.1', '2020-04-11 09:08:08', 1248775055671197697);
INSERT INTO `sy_permission` VALUES (1248776406081916929, '查询当前代理商信息', '/api/v1/agent/current', 1, 0, NULL, '2020-04-11 08:54:31', 1231064253191327746, '172.17.0.1', '2020-04-11 08:54:31', 1248775350195224577);
INSERT INTO `sy_permission` VALUES (1248776767320543233, '提交代理商申请', '/api/v1/agent/apply', 2, 0, NULL, '2020-04-11 08:55:57', 1231064253191327746, '172.17.0.1', '2020-04-11 08:55:57', 1248775324303785986);
INSERT INTO `sy_permission` VALUES (1248776850233544705, '修改申请(驳回后重新申请)', '/api/v1/agent/apply', 3, 0, NULL, '2020-04-11 08:56:16', 1231064253191327746, '172.17.0.1', '2020-04-11 08:56:17', 1248775324303785986);
INSERT INTO `sy_permission` VALUES (1248776953564418050, '获取当前用户的代理商申请记录', '/api/v1/agent/apply/current', 1, 0, NULL, '2020-04-11 08:56:41', 1231064253191327746, '172.17.0.1', '2020-04-11 09:09:22', 1248775324303785986);
INSERT INTO `sy_permission` VALUES (1248777207479193601, '查询当前代理商银行卡列表', '/api/v1/agent/bank/current', 1, 0, NULL, '2020-04-11 08:57:42', 1231064253191327746, '172.17.0.1', '2020-04-11 08:57:42', 1248775238983254018);
INSERT INTO `sy_permission` VALUES (1248777324403806209, '新增银行卡', '/api/v1/agent/bank/current', 2, 0, NULL, '2020-04-11 08:58:09', 1231064253191327746, '172.17.0.1', '2020-04-11 08:58:10', 1248775238983254018);
INSERT INTO `sy_permission` VALUES (1248777396365479937, '修改银行卡', '/api/v1/agent/bank/current/{id}', 3, 0, NULL, '2020-04-11 08:58:27', 1231064253191327746, '172.17.0.1', '2020-04-11 08:58:27', 1248775238983254018);
INSERT INTO `sy_permission` VALUES (1248777484231954434, '删除银行卡', '/api/v1/agent/bank/current/{id}', 4, 0, NULL, '2020-04-11 08:58:48', 1231064253191327746, '172.17.0.1', '2020-04-11 08:58:48', 1248775238983254018);
INSERT INTO `sy_permission` VALUES (1248778367070031874, '新增作品案例', '/api/v1/stylists/cases', 2, 0, NULL, '2020-04-11 09:02:18', 1231064253191327746, '172.17.0.1', '2020-04-11 09:08:34', 1248778027683729410);
INSERT INTO `sy_permission` VALUES (1248778501308731394, '修改作品案例', '/api/v1/stylists/cases/{id}', 3, 0, NULL, '2020-04-11 09:02:50', 1231064253191327746, '172.17.0.1', '2020-04-11 09:08:46', 1248778027683729410);
INSERT INTO `sy_permission` VALUES (1248778567171887105, '删除作品案例', '/api/v1/stylists/cases/{id}', 4, 0, NULL, '2020-04-11 09:03:06', 1231064253191327746, '172.17.0.1', '2020-04-11 09:07:34', 1248778027683729410);
INSERT INTO `sy_permission` VALUES (1248780226149142530, '新增半价时间', '/api/v1/half/time', 2, 0, NULL, '2020-04-11 09:09:41', 1231064253191327746, '172.17.0.1', '2020-04-11 09:09:42', 1248779006126772225);
INSERT INTO `sy_permission` VALUES (1248780536674439170, '修改半价时间', '/api/v1/half/time/{id}', 3, 0, NULL, '2020-04-11 09:10:55', 1231064253191327746, '172.17.0.1', '2020-04-11 09:10:56', 1248779006126772225);
INSERT INTO `sy_permission` VALUES (1248780604164984833, '删除半价时间', '/api/v1/half/time/{id}', 4, 0, NULL, '2020-04-11 09:11:11', 1231064253191327746, '172.17.0.1', '2020-04-11 09:11:12', 1248779006126772225);
INSERT INTO `sy_permission` VALUES (1248781024111284225, '新增发型师', '/api/v1/stylists', 2, 0, NULL, '2020-04-11 09:12:52', 1231064253191327746, '172.17.0.1', '2020-04-11 09:12:52', 1248780818867212290);
INSERT INTO `sy_permission` VALUES (1248781197906464769, '获取收藏的发型师', '/api/v1/stylists/collect', 1, 0, NULL, '2020-04-11 09:13:33', 1231064253191327746, '172.17.0.1', '2020-04-11 09:13:33', 1248780818867212290);
INSERT INTO `sy_permission` VALUES (1248781811528945665, '修改发型师', '/api/v1/stylists/{id}', 3, 0, NULL, '2020-04-11 09:15:59', 1231064253191327746, '172.17.0.1', '2020-04-11 09:16:00', 1248780818867212290);
INSERT INTO `sy_permission` VALUES (1248781872363130881, '删除发型师', '/api/v1/stylists/{id}', 4, 0, NULL, '2020-04-11 09:16:14', 1231064253191327746, '172.17.0.1', '2020-04-11 09:16:14', 1248780818867212290);
INSERT INTO `sy_permission` VALUES (1248782468856074241, '新增发型师职称', '/api/v1/stylists/titles', 2, 0, NULL, '2020-04-11 09:18:36', 1231064253191327746, '172.17.0.1', '2020-04-11 09:18:36', 1248782270616489985);
INSERT INTO `sy_permission` VALUES (1248782642286350337, '修改发型师职称', '/api/v1/stylists/titles/{id}', 3, 0, NULL, '2020-04-11 09:19:17', 1231064253191327746, '172.17.0.1', '2020-04-11 09:19:18', 1248782270616489985);
INSERT INTO `sy_permission` VALUES (1248782710158577665, '删除发型师职称', '/api/v1/stylists/titles/{id}', 4, 0, NULL, '2020-04-11 09:19:34', 1231064253191327746, '172.17.0.1', '2020-04-11 09:19:34', 1248782270616489985);
INSERT INTO `sy_permission` VALUES (1248784269198151682, '设置系统基础信息', '/api/v1/setting/basic', 2, 0, NULL, '2020-04-11 09:25:45', 1231064253191327746, '172.17.0.1', '2020-04-11 09:25:46', 1248783765709705218);
INSERT INTO `sy_permission` VALUES (1248784669389279234, '审核记录', '/api/v1/audits', 2, 0, NULL, '2020-04-11 09:27:21', 1231064253191327746, '172.17.0.1', '2020-04-11 09:35:36', 1248784521531674625);
INSERT INTO `sy_permission` VALUES (1248784943948419074, '查询平台交易记录', '/api/v1/platform/transactions', 1, 0, NULL, '2020-04-11 09:28:26', 1231064253191327746, '172.17.0.1', '2020-04-11 09:28:27', 1248784821772537858);
INSERT INTO `sy_permission` VALUES (1248786332707639297, '客户端获取发型师详情', '/api/v1/stylists/details/{id}', 1, 0, NULL, '2020-04-11 09:33:57', 1231064253191327746, '172.17.0.1', '2020-04-11 09:33:58', 1248780818867212290);
INSERT INTO `sy_permission` VALUES (1248788539582631938, '获取当前店铺余额', '/api/v1/shop/transactions/balance', 1, 0, NULL, '2020-04-11 09:42:43', 1231064253191327746, '172.17.0.1', '2020-04-11 09:42:44', 1248787428918349826);
INSERT INTO `sy_permission` VALUES (1248788626023043073, '获取当前店铺钱包记录分页', '/api/v1/shop/transactions/current', 1, 0, NULL, '2020-04-11 09:43:04', 1231064253191327746, '172.17.0.1', '2020-04-11 09:43:04', 1248787428918349826);
INSERT INTO `sy_permission` VALUES (1248788980798246913, '获取当前店铺 成交金额总金额可提现金额', '/api/v1/shop/transactions/statistics/current', 1, 0, NULL, '2020-04-11 09:44:29', 1231064253191327746, '172.17.0.1', '2020-04-11 09:44:29', 1248787428918349826);
INSERT INTO `sy_permission` VALUES (1248789924218851330, '提交申请', '/api/v1/shop/apply', 2, 0, NULL, '2020-04-11 09:48:13', 1231064253191327746, '172.17.0.1', '2020-04-11 09:48:14', 1248789534383460353);
INSERT INTO `sy_permission` VALUES (1248790025330937857, '修改店铺申请(驳回后重新申请)', '/api/v1/shop/apply', 3, 0, NULL, '2020-04-11 09:48:38', 1231064253191327746, '172.17.0.1', '2020-04-11 09:48:38', 1248789534383460353);
INSERT INTO `sy_permission` VALUES (1248790138191269889, '获取当前用户的店铺申请记录', '/api/v1/shop/apply/current', 1, 0, NULL, '2020-04-11 09:49:05', 1231064253191327746, '172.17.0.1', '2020-04-11 09:49:05', 1248789534383460353);
INSERT INTO `sy_permission` VALUES (1248790505310310402, '新增店铺单项折扣', '/api/v1/shop/discount', 2, 0, NULL, '2020-04-11 09:50:32', 1231064253191327746, '172.17.0.1', '2020-04-11 09:50:33', 1248790372153741313);
INSERT INTO `sy_permission` VALUES (1248790584901423105, '全量设置店铺单项折扣信息', '/api/v1/shop/discount/batch', 2, 0, NULL, '2020-04-11 09:50:51', 1231064253191327746, '172.17.0.1', '2020-04-11 09:50:52', 1248790372153741313);
INSERT INTO `sy_permission` VALUES (1248790670624608257, '修改店铺单项折扣', '/api/v1/shop/discount/{id}', 3, 0, NULL, '2020-04-11 09:51:11', 1231064253191327746, '172.17.0.1', '2020-04-11 09:51:12', 1248790372153741313);
INSERT INTO `sy_permission` VALUES (1248790722088718338, '删除店铺单项折扣', '/api/v1/shop/discount/{id}', 4, 0, NULL, '2020-04-11 09:51:24', 1231064253191327746, '172.17.0.1', '2020-04-11 09:51:24', 1248790372153741313);
INSERT INTO `sy_permission` VALUES (1248791849802846209, '新增店铺团购信息', '/api/v1/shop/groupon', 2, 0, NULL, '2020-04-11 09:55:53', 1231064253191327746, '172.17.0.1', '2020-04-11 09:55:53', 1248791679262445569);
INSERT INTO `sy_permission` VALUES (1248791926755741698, '修改店铺团购嘻嘻', '/api/v1/shop/groupon/{id}', 3, 0, NULL, '2020-04-11 09:56:11', 1231064253191327746, '172.17.0.1', '2020-04-11 09:56:11', 1248791679262445569);
INSERT INTO `sy_permission` VALUES (1248792016924889089, '删除店铺团购信息', '/api/v1/shop/groupon/{id}', 4, 0, NULL, '2020-04-11 09:56:32', 1231064253191327746, '172.17.0.1', '2020-04-11 09:56:33', 1248791679262445569);
INSERT INTO `sy_permission` VALUES (1248792700000849922, '新增店铺抽成', '/api/v1/commission/discounts', 2, 0, NULL, '2020-04-11 09:59:15', 1231064253191327746, '172.17.0.1', '2020-04-11 09:59:16', 1248792481997705218);
INSERT INTO `sy_permission` VALUES (1248792858054807554, '更新店铺抽成', '/api/v1/commission/discounts/{id}', 3, 0, NULL, '2020-04-11 09:59:53', 1231064253191327746, '172.17.0.1', '2020-04-11 09:59:53', 1248792481997705218);
INSERT INTO `sy_permission` VALUES (1248792916624068610, '删除店铺抽成', '/api/v1/commission/discounts/{id}', 4, 0, NULL, '2020-04-11 10:00:07', 1231064253191327746, '172.17.0.1', '2020-04-11 10:00:07', 1248792481997705218);
INSERT INTO `sy_permission` VALUES (1248793530204606466, '创建店铺', '/api/v1/shops', 2, 0, NULL, '2020-04-11 10:02:33', 1231064253191327746, '172.17.0.1', '2020-04-11 10:02:34', 1248793056432803842);
INSERT INTO `sy_permission` VALUES (1248793599985242114, '获取收藏店铺', '/api/v1/shops/collect', 1, 0, NULL, '2020-04-11 10:02:50', 1231064253191327746, '172.17.0.1', '2020-04-11 10:02:50', 1248793056432803842);
INSERT INTO `sy_permission` VALUES (1248793676233494530, '店铺管理员获取店铺信息', '/api/v1/shops/current', 1, 0, NULL, '2020-04-11 10:03:08', 1231064253191327746, '172.17.0.1', '2020-04-11 10:03:09', 1248793056432803842);
INSERT INTO `sy_permission` VALUES (1248793759041638402, '店主修改店铺信息', '/api/v1/shops/current', 3, 0, NULL, '2020-04-11 10:03:28', 1231064253191327746, '172.17.0.1', '2020-04-11 10:03:28', 1248793056432803842);
INSERT INTO `sy_permission` VALUES (1248793880936501250, '客户端获取店铺详情', '/api/v1/shops/detail/{id}', 1, 0, NULL, '2020-04-11 10:03:57', 1231064253191327746, '172.17.0.1', '2020-04-11 10:03:57', 1248793056432803842);
INSERT INTO `sy_permission` VALUES (1248793947470745602, '店主设置半价状态', '/api/v1/shops/halfStatus/current', 3, 0, NULL, '2020-04-11 10:04:13', 1231064253191327746, '172.17.0.1', '2020-04-11 10:04:13', 1248793056432803842);
INSERT INTO `sy_permission` VALUES (1248794086352539649, '店主设置店铺服务标准', '/api/v1/shops/title/current', 3, 0, NULL, '2020-04-11 10:04:46', 1231064253191327746, '172.17.0.1', '2020-04-11 10:04:46', 1248793056432803842);
INSERT INTO `sy_permission` VALUES (1248794160893710337, '店主修改店铺工作状态', '/api/v1/shops/workStatus', 3, 0, NULL, '2020-04-11 10:05:04', 1231064253191327746, '172.17.0.1', '2020-04-11 10:05:04', 1248793056432803842);
INSERT INTO `sy_permission` VALUES (1248794268116897793, '管理员修改店铺', '/api/v1/shops/{id}', 3, 0, NULL, '2020-04-11 10:05:29', 1231064253191327746, '172.17.0.1', '2020-04-11 10:05:30', 1248793056432803842);
INSERT INTO `sy_permission` VALUES (1248794585382440962, '新增店铺服务标准', '/api/v1/shops/titles', 2, 0, NULL, '2020-04-11 10:06:45', 1231064253191327746, '172.17.0.1', '2020-04-11 10:06:45', 1248794451009523714);
INSERT INTO `sy_permission` VALUES (1248794672028372994, '修改店铺服务标准', '/api/v1/shops/titles/{id}', 3, 0, NULL, '2020-04-11 10:07:05', 1231064253191327746, '172.17.0.1', '2020-04-11 10:07:06', 1248794451009523714);
INSERT INTO `sy_permission` VALUES (1248794736482242562, '删除店铺服务标准', '/api/v1/shops/titles/{id}', 4, 0, NULL, '2020-04-11 10:07:21', 1231064253191327746, '172.17.0.1', '2020-04-11 10:07:21', 1248794451009523714);
INSERT INTO `sy_permission` VALUES (1248795073314213889, '当前用户或店铺查询店铺服务订单', '/api/v1/shop/orders/current', 1, 0, NULL, '2020-04-11 10:08:41', 1231064253191327746, '172.17.0.1', '2020-04-11 10:08:42', 1248794952174325762);
INSERT INTO `sy_permission` VALUES (1248795312825749506, '当前用户获取悬赏动态列表', '/api/v1/rewards/current', 1, 0, NULL, '2020-04-11 10:09:38', 1231064253191327746, '172.17.0.1', '2020-04-11 10:09:39', 1248795158001405953);
INSERT INTO `sy_permission` VALUES (1248795433953054722, '悬赏', '/api/v1/rewards/rewardStatus/{id}', 3, 0, NULL, '2020-04-11 10:10:07', 1231064253191327746, '172.17.0.1', '2020-04-11 10:10:08', 1248795158001405953);
INSERT INTO `sy_permission` VALUES (1248795753856815105, '新增意见反馈', '/api/v1/feedback', 2, 0, NULL, '2020-04-11 10:11:23', 1231064253191327746, '172.17.0.1', '2020-04-11 10:11:24', 1248795606506721282);
INSERT INTO `sy_permission` VALUES (1248795842348240898, '处理意见反馈', '/api/v1/feedback/status/{id}', 3, 0, NULL, '2020-04-11 10:11:44', 1231064253191327746, '172.17.0.1', '2020-04-11 10:11:45', 1248795606506721282);
INSERT INTO `sy_permission` VALUES (1248798314575855617, '获取推广二维码', '/api/v1/popularize/code/current', 1, 0, NULL, '2020-04-11 10:21:34', 1231064253191327746, '172.17.0.1', '2020-04-11 10:21:34', 1248798217930702850);
INSERT INTO `sy_permission` VALUES (1248798821130338305, '新增擅长领域', '/api/v1/stylist/domains', 2, 0, NULL, '2020-04-11 10:23:35', 1231064253191327746, '172.17.0.1', '2020-04-11 10:23:35', 1248798534080561154);
INSERT INTO `sy_permission` VALUES (1248798889958866945, '修改擅长领域', '/api/v1/stylist/domains/{id}', 3, 0, NULL, '2020-04-11 10:23:51', 1231064253191327746, '172.17.0.1', '2020-04-11 10:23:52', 1248798534080561154);
INSERT INTO `sy_permission` VALUES (1248798934980526081, '删除擅长领域', '/api/v1/stylist/domains/{id}', 4, 0, NULL, '2020-04-11 10:24:02', 1231064253191327746, '172.17.0.1', '2020-04-11 10:24:02', 1248798534080561154);
INSERT INTO `sy_permission` VALUES (1248799237536645121, '新增服务项目', '/api/v1/service/projects', 2, 0, NULL, '2020-04-11 10:25:14', 1231064253191327746, '172.17.0.1', '2020-04-11 10:25:14', 1248799099149778946);
INSERT INTO `sy_permission` VALUES (1248799312241393665, '修改服务项目', '/api/v1/service/projects/{id}', 3, 0, NULL, '2020-04-11 10:25:32', 1231064253191327746, '172.17.0.1', '2020-04-11 10:25:32', 1248799099149778946);
INSERT INTO `sy_permission` VALUES (1248799370827431938, '删除服务项目', '/api/v1/service/projects/{id}', 4, 0, NULL, '2020-04-11 10:25:46', 1231064253191327746, '172.17.0.1', '2020-04-11 10:25:46', 1248799099149778946);
INSERT INTO `sy_permission` VALUES (1248799952514482178, '修改权限', '/api/v1/permissions/{id}', 3, 0, NULL, '2020-04-11 10:28:04', 1231064253191327746, '172.17.0.1', '2020-04-11 10:28:05', 1248799688780840961);
INSERT INTO `sy_permission` VALUES (1248804382924222466, '删除权限', '/api/v1/permissions/{id}', 4, 0, NULL, '2020-04-11 10:45:41', 1231064253191327746, '172.17.0.1', '2020-04-11 10:45:41', 1248799688780840961);
INSERT INTO `sy_permission` VALUES (1248804445712953346, '新增权限', '/api/v1/permissions', 2, 0, NULL, '2020-04-11 10:45:56', 1231064253191327746, '172.17.0.1', '2020-04-11 10:45:56', 1248799688780840961);
INSERT INTO `sy_permission` VALUES (1248807506443497474, '新增权限模块', '/api/v1/permission/modules', 2, 0, NULL, '2020-04-11 10:58:05', 1231064253191327746, '172.17.0.1', '2020-04-11 10:58:06', 1248807373316288514);
INSERT INTO `sy_permission` VALUES (1248807586252713986, '修改权限模块', '/api/v1/permission/modules/{id}', 3, 0, NULL, '2020-04-11 10:58:24', 1231064253191327746, '172.17.0.1', '2020-04-11 10:58:25', 1248807373316288514);
INSERT INTO `sy_permission` VALUES (1248807632880791554, '删除权限模块', '/api/v1/permission/modules/{id}', 4, 0, NULL, '2020-04-11 10:58:36', 1231064253191327746, '172.17.0.1', '2020-04-11 10:58:36', 1248807373316288514);
INSERT INTO `sy_permission` VALUES (1248808096208777217, '使用核销码 核销订单', '/api/v1/order/code', 2, 0, NULL, '2020-04-11 11:00:26', 1231064253191327746, '172.17.0.1', '2020-04-11 11:00:27', 1248807861612965890);
INSERT INTO `sy_permission` VALUES (1248808170099830785, '通过订单ID获取核销码', '/api/v1/order/code/{id}', 1, 0, NULL, '2020-04-11 11:00:44', 1231064253191327746, '172.17.0.1', '2020-04-11 11:00:44', 1248807861612965890);
INSERT INTO `sy_permission` VALUES (1248808465718571010, '用户点赞', '/api/v1/praise/{id}', 2, 0, NULL, '2020-04-11 11:01:54', 1231064253191327746, '172.17.0.1', '2020-04-11 11:03:52', 1248808762083897345);
INSERT INTO `sy_permission` VALUES (1248808548493160449, '取消点赞', '/api/v1/praise/{id}', 4, 0, NULL, '2020-04-11 11:02:14', 1231064253191327746, '172.17.0.1', '2020-04-11 11:03:33', 1248808762083897345);
INSERT INTO `sy_permission` VALUES (1248809140821159937, '获取当前用户钱包记录分页', '/api/v1/user/transactions/current', 1, 0, NULL, '2020-04-11 11:04:35', 1231064253191327746, '172.17.0.1', '2020-04-11 11:04:36', 1248808801564880897);
INSERT INTO `sy_permission` VALUES (1248809205623156738, '获取当前用户钱包余额', '/api/v1/user/transactions/current/balance', 1, 0, NULL, '2020-04-11 11:04:51', 1231064253191327746, '172.17.0.1', '2020-04-11 11:04:51', 1248808801564880897);
INSERT INTO `sy_permission` VALUES (1248809508821004289, '获取当前用户的优惠券信息', '/api/v1/user/coupons/current', 1, 0, NULL, '2020-04-11 11:06:03', 1231064253191327746, '172.17.0.1', '2020-04-11 11:06:03', 1248809426084163586);
INSERT INTO `sy_permission` VALUES (1248809592480591874, '用户领取优惠券', '/api/v1/user/coupons/current/{couponId}', 2, 0, NULL, '2020-04-11 11:06:23', 1231064253191327746, '172.17.0.1', '2020-04-11 11:06:23', 1248809426084163586);
INSERT INTO `sy_permission` VALUES (1248809678736453634, '商家发放优惠券', '/api/v1/user/coupons/shop/current/{couponId}', 2, 0, NULL, '2020-04-11 11:06:43', 1231064253191327746, '172.17.0.1', '2020-04-11 11:06:44', 1248809426084163586);
INSERT INTO `sy_permission` VALUES (1248809921163030529, '新增发型历史', '/api/v1/hair/history', 2, 0, NULL, '2020-04-11 11:07:41', 1231064253191327746, '172.17.0.1', '2020-04-11 11:07:42', 1248809769513775106);
INSERT INTO `sy_permission` VALUES (1248810000024334338, '查询按日期分组查询发型历史', '/api/v1/hair/history/current', 1, 0, NULL, '2020-04-11 11:08:00', 1231064253191327746, '172.17.0.1', '2020-04-11 11:08:00', 1248809769513775106);
INSERT INTO `sy_permission` VALUES (1248810059159826434, '修改发型历史', '/api/v1/hair/history/{id}', 3, 0, NULL, '2020-04-11 11:08:14', 1231064253191327746, '172.17.0.1', '2020-04-11 11:08:15', 1248809769513775106);
INSERT INTO `sy_permission` VALUES (1248810105716600833, '删除发型历史', '/api/v1/hair/history/{id}', 4, 0, NULL, '2020-04-11 11:08:25', 1231064253191327746, '172.17.0.1', '2020-04-11 11:08:26', 1248809769513775106);
INSERT INTO `sy_permission` VALUES (1248812169297268737, '查询当前用户团购信息', '/api/v1/user/groupons/current', 1, 0, NULL, '2020-04-11 11:16:37', 1231064253191327746, '172.17.0.1', '2020-04-11 11:16:38', 1248810325619765250);
INSERT INTO `sy_permission` VALUES (1248812765513388034, '获取当前用户拓展信息', '/api/v1/user/extension', 1, 0, NULL, '2020-04-11 11:18:59', 1231064253191327746, '172.17.0.1', '2020-04-11 11:19:00', 1248812648232259586);
INSERT INTO `sy_permission` VALUES (1248812837789634561, '修改当前用户拓展信息', '/api/v1/user/extension', 2, 0, NULL, '2020-04-11 11:19:17', 1231064253191327746, '172.17.0.1', '2020-04-11 11:19:17', 1248812648232259586);
INSERT INTO `sy_permission` VALUES (1248813203432280065, '管理员新增用户', '/api/v1/users', 2, 0, NULL, '2020-04-11 11:20:44', 1231064253191327746, '172.17.0.1', '2020-04-11 11:20:44', 1248812950192787458);
INSERT INTO `sy_permission` VALUES (1248813302333968386, '管理员修改密码', '/api/v1/users/admin/{id}/password', 3, 0, NULL, '2020-04-11 11:21:07', 1231064253191327746, '172.17.0.1', '2020-04-11 11:21:08', 1248812950192787458);
INSERT INTO `sy_permission` VALUES (1248813407938154498, '获取当前用户信息', '/api/v1/users/current', 1, 0, NULL, '2020-04-11 11:21:32', 1231064253191327746, '172.17.0.1', '2020-04-11 11:21:33', 1248812950192787458);
INSERT INTO `sy_permission` VALUES (1248813532366376961, '修改当前访问账号的密码', '/api/v1/users/password/current', 3, 0, NULL, '2020-04-11 11:22:02', 1231064253191327746, '172.17.0.1', '2020-04-11 11:22:03', 1248812950192787458);
INSERT INTO `sy_permission` VALUES (1248813635651112961, '管理员修改用户信息', '/api/v1/users/{id}', 3, 0, NULL, '2020-04-11 11:22:27', 1231064253191327746, '172.17.0.1', '2020-04-11 11:22:27', 1248812950192787458);
INSERT INTO `sy_permission` VALUES (1248813738407366658, '管理员删除用户信息', '/api/v1/users/{id}', 4, 0, NULL, '2020-04-11 11:22:51', 1231064253191327746, '172.17.0.1', '2020-04-11 11:22:52', 1248812950192787458);
INSERT INTO `sy_permission` VALUES (1248813828740091906, '收藏', '/api/v1/collect/{id}', 2, 0, NULL, '2020-04-11 11:23:13', 1231064253191327746, '172.17.0.1', '2020-04-11 11:23:13', 1248808762083897345);
INSERT INTO `sy_permission` VALUES (1248813900794040322, '取消收藏', '/api/v1/collect/{id}', 4, 0, NULL, '2020-04-11 11:23:30', 1231064253191327746, '172.17.0.1', '2020-04-11 11:23:30', 1248808762083897345);
INSERT INTO `sy_permission` VALUES (1248814364205912065, '新增用户组', '/api/v1/user/groups', 2, 0, NULL, '2020-04-11 11:25:20', 1231064253191327746, '172.17.0.1', '2020-04-11 11:25:21', 1248813998336774145);
INSERT INTO `sy_permission` VALUES (1248814434909294594, '修改用户组', '/api/v1/user/groups/{id}', 3, 0, NULL, '2020-04-11 11:25:37', 1231064253191327746, '172.17.0.1', '2020-04-11 11:25:38', 1248813998336774145);
INSERT INTO `sy_permission` VALUES (1248814476147691522, '删除用户组', '/api/v1/user/groups/{id}', 4, 0, NULL, '2020-04-11 11:25:47', 1231064253191327746, '172.17.0.1', '2020-04-11 11:25:48', 1248813998336774145);
INSERT INTO `sy_permission` VALUES (1248814776539549697, '新增角色', '/api/v1/roles', 2, 0, NULL, '2020-04-11 11:26:59', 1231064253191327746, '172.17.0.1', '2020-04-11 11:26:59', 1248814564723003393);
INSERT INTO `sy_permission` VALUES (1248814862279512066, '修改角色', '/api/v1/roles/{id}', 3, 0, NULL, '2020-04-11 11:27:19', 1231064253191327746, '172.17.0.1', '2020-04-11 11:27:20', 1248814564723003393);
INSERT INTO `sy_permission` VALUES (1248814898509910018, '删除角色', '/api/v1/roles/{id}', 4, 0, NULL, '2020-04-11 11:27:28', 1231064253191327746, '172.17.0.1', '2020-04-11 11:27:28', 1248814564723003393);
INSERT INTO `sy_permission` VALUES (1248816635819986946, '创建订单', '/api/v1/orders', 2, 0, NULL, '2020-04-11 11:34:22', 1231064253191327746, '172.17.0.1', '2020-04-11 11:34:23', 1248807861612965890);
INSERT INTO `sy_permission` VALUES (1248816719949336577, '使用钱包支付订单', '/api/v1/orders/payment/wallet/{id}', 2, 0, NULL, '2020-04-11 11:34:42', 1231064253191327746, '172.17.0.1', '2020-04-11 11:34:43', 1248807861612965890);
INSERT INTO `sy_permission` VALUES (1248816795346145281, '发起微信支付请求', '/api/v1/orders/payment/wx/{id}', 2, 0, NULL, '2020-04-11 11:35:00', 1231064253191327746, '172.17.0.1', '2020-04-11 11:35:01', 1248807861612965890);
INSERT INTO `sy_permission` VALUES (1248816894956670977, '申请退款', '/api/v1/orders/refund/{id}', 2, 0, NULL, '2020-04-11 11:35:24', 1231064253191327746, '172.17.0.1', '2020-04-11 11:35:24', 1248807861612965890);
INSERT INTO `sy_permission` VALUES (1248816961411223554, '取消订单', '/api/v1/orders/{id}/cancel', 2, 0, NULL, '2020-04-11 11:35:40', 1231064253191327746, '172.17.0.1', '2020-04-11 11:35:40', 1248807861612965890);
INSERT INTO `sy_permission` VALUES (1248817134422069249, '获取当前店铺访客统计', '/api/v1/visitors/statistics/current', 1, 0, NULL, '2020-04-11 11:36:21', 1231064253191327746, '172.17.0.1', '2020-04-11 11:36:21', 1248793056432803842);
INSERT INTO `sy_permission` VALUES (1248817677878038530, '获取当前店铺评分列表', '/api/v1/comments/order/current', 1, 0, NULL, '2020-04-11 11:38:30', 1231064253191327746, '172.17.0.1', '2020-04-11 11:38:31', 1248817317000122370);
INSERT INTO `sy_permission` VALUES (1248817766734368769, '评价订单', '/api/v1/comments/order/{shopOrderId}', 2, 0, NULL, '2020-04-11 11:38:52', 1231064253191327746, '172.17.0.1', '2020-04-11 11:38:52', 1248817317000122370);
INSERT INTO `sy_permission` VALUES (1248817860263153666, '回复评价', '/api/v1/comments/reply/{id}', 2, 0, NULL, '2020-04-11 11:39:14', 1231064253191327746, '172.17.0.1', '2020-04-11 11:39:14', 1248817317000122370);
INSERT INTO `sy_permission` VALUES (1248817934531694594, '评论悬赏', '/api/v1/comments/reward/{id}', 2, 0, NULL, '2020-04-11 11:39:32', 1231064253191327746, '172.17.0.1', '2020-04-11 11:39:32', 1248817317000122370);
INSERT INTO `sy_permission` VALUES (1248818020980494337, '获取当前店铺 评分和评论总数复制地', '/api/v1/comments/score', 1, 0, NULL, '2020-04-11 11:39:52', 1231064253191327746, '172.17.0.1', '2020-04-11 11:39:53', 1248817317000122370);
INSERT INTO `sy_permission` VALUES (1248818158859849729, '管理员删除评论', '/api/v1/comments/{id}', 4, 0, NULL, '2020-04-11 11:40:25', 1231064253191327746, '172.17.0.1', '2020-04-11 11:40:26', 1248817317000122370);
INSERT INTO `sy_permission` VALUES (1248818352938684418, '新增轮播图', '/api/v1/banners', 2, 0, NULL, '2020-04-11 11:41:11', 1231064253191327746, '172.17.0.1', '2020-04-11 11:41:12', 1248818234608979969);
INSERT INTO `sy_permission` VALUES (1248818449617391618, '更新轮播图可用状态', '/api/v1/banners/enableStatus/{id}', 3, 0, NULL, '2020-04-11 11:41:34', 1231064253191327746, '172.17.0.1', '2020-04-11 11:41:35', 1248818234608979969);
INSERT INTO `sy_permission` VALUES (1248818542374424578, '更新轮播图', '/api/v1/banners/{id}', 3, 0, NULL, '2020-04-11 11:41:57', 1231064253191327746, '172.17.0.1', '2020-04-11 11:41:57', 1248818234608979969);
INSERT INTO `sy_permission` VALUES (1248818621336391681, '删除轮播图', '/api/v1/banners/{id}', 4, 0, NULL, '2020-04-11 11:42:15', 1231064253191327746, '172.17.0.1', '2020-04-11 11:42:16', 1248818234608979969);
INSERT INTO `sy_permission` VALUES (1248818904477077505, '获取当前店铺鲜花分页', '/api/v1/flower/shop/current', 1, 0, NULL, '2020-04-11 11:43:23', 1231064253191327746, '172.17.0.1', '2020-04-11 11:43:23', 1248818812533739522);
INSERT INTO `sy_permission` VALUES (1253561572545441794, '用户提现', '/api/v1/user/transactions/withdrawal', 2, 0, NULL, '2020-04-24 13:49:03', 1231064253191327746, '172.17.0.1', '2020-04-24 13:49:04', 1248808801564880897);
INSERT INTO `sy_permission` VALUES (1253561663763165186, '店铺提现', '/api/v1/shop/transactions/withdrawal', 2, 0, NULL, '2020-04-24 13:49:25', 1231064253191327746, '172.17.0.1', '2020-04-24 13:49:25', 1248787428918349826);


INSERT INTO `sy_role_permission_rel` VALUES (1248820790294876161, 1248780226149142530, 1231063023681441794);
INSERT INTO `sy_role_permission_rel` VALUES (1248820790303264770, 1248780536674439170, 1231063023681441794);
INSERT INTO `sy_role_permission_rel` VALUES (1248820790303264771, 1248780604164984833, 1231063023681441794);
INSERT INTO `sy_role_permission_rel` VALUES (1248820790303264772, 1248782468856074241, 1231063023681441794);
INSERT INTO `sy_role_permission_rel` VALUES (1248820790303264773, 1248782642286350337, 1231063023681441794);
INSERT INTO `sy_role_permission_rel` VALUES (1248820790303264774, 1248782710158577665, 1231063023681441794);
INSERT INTO `sy_role_permission_rel` VALUES (1248820790303264775, 1248784269198151682, 1231063023681441794);
INSERT INTO `sy_role_permission_rel` VALUES (1248820790303264776, 1248792700000849922, 1231063023681441794);
INSERT INTO `sy_role_permission_rel` VALUES (1248820790303264777, 1248792858054807554, 1231063023681441794);
INSERT INTO `sy_role_permission_rel` VALUES (1248820790303264778, 1248792916624068610, 1231063023681441794);
INSERT INTO `sy_role_permission_rel` VALUES (1248820790303264779, 1248794585382440962, 1231063023681441794);
INSERT INTO `sy_role_permission_rel` VALUES (1248820790303264780, 1248794672028372994, 1231063023681441794);
INSERT INTO `sy_role_permission_rel` VALUES (1248820790303264781, 1248794736482242562, 1231063023681441794);
INSERT INTO `sy_role_permission_rel` VALUES (1248820790303264782, 1248798821130338305, 1231063023681441794);
INSERT INTO `sy_role_permission_rel` VALUES (1248820790303264783, 1248798889958866945, 1231063023681441794);
INSERT INTO `sy_role_permission_rel` VALUES (1248820790303264784, 1248798934980526081, 1231063023681441794);
INSERT INTO `sy_role_permission_rel` VALUES (1248820790303264785, 1248799237536645121, 1231063023681441794);
INSERT INTO `sy_role_permission_rel` VALUES (1248820790303264786, 1248799312241393665, 1231063023681441794);
INSERT INTO `sy_role_permission_rel` VALUES (1248820790303264787, 1248799370827431938, 1231063023681441794);
INSERT INTO `sy_role_permission_rel` VALUES (1248820790311653377, 1248818352938684418, 1231063023681441794);
INSERT INTO `sy_role_permission_rel` VALUES (1248820790311653378, 1248818449617391618, 1231063023681441794);
INSERT INTO `sy_role_permission_rel` VALUES (1248820790311653379, 1248818542374424578, 1231063023681441794);
INSERT INTO `sy_role_permission_rel` VALUES (1248820790311653380, 1248818621336391681, 1231063023681441794);
INSERT INTO `sy_role_permission_rel` VALUES (1248820790311653381, 1248784669389279234, 1231063023681441794);
INSERT INTO `sy_role_permission_rel` VALUES (1248820790311653382, 1248784943948419074, 1231063023681441794);
INSERT INTO `sy_role_permission_rel` VALUES (1248820790311653383, 1248793530204606466, 1231063023681441794);
INSERT INTO `sy_role_permission_rel` VALUES (1248820790311653384, 1248794268116897793, 1231063023681441794);
INSERT INTO `sy_role_permission_rel` VALUES (1248820790311653385, 1248795842348240898, 1231063023681441794);
INSERT INTO `sy_role_permission_rel` VALUES (1248820790315847681, 1248799952514482178, 1231063023681441794);
INSERT INTO `sy_role_permission_rel` VALUES (1248820790315847682, 1248804382924222466, 1231063023681441794);
INSERT INTO `sy_role_permission_rel` VALUES (1248820790315847683, 1248804445712953346, 1231063023681441794);
INSERT INTO `sy_role_permission_rel` VALUES (1248820790315847684, 1248807506443497474, 1231063023681441794);
INSERT INTO `sy_role_permission_rel` VALUES (1248820790315847685, 1248807586252713986, 1231063023681441794);
INSERT INTO `sy_role_permission_rel` VALUES (1248820790315847686, 1248807632880791554, 1231063023681441794);
INSERT INTO `sy_role_permission_rel` VALUES (1248820790315847687, 1248814364205912065, 1231063023681441794);
INSERT INTO `sy_role_permission_rel` VALUES (1248820790315847688, 1248814434909294594, 1231063023681441794);
INSERT INTO `sy_role_permission_rel` VALUES (1248820790315847689, 1248814476147691522, 1231063023681441794);
INSERT INTO `sy_role_permission_rel` VALUES (1248820790315847690, 1248814776539549697, 1231063023681441794);
INSERT INTO `sy_role_permission_rel` VALUES (1248820790320041986, 1248814862279512066, 1231063023681441794);
INSERT INTO `sy_role_permission_rel` VALUES (1248820790320041987, 1248814898509910018, 1231063023681441794);
INSERT INTO `sy_role_permission_rel` VALUES (1248820790320041988, 1248813203432280065, 1231063023681441794);
INSERT INTO `sy_role_permission_rel` VALUES (1248820790320041989, 1248813302333968386, 1231063023681441794);
INSERT INTO `sy_role_permission_rel` VALUES (1248820790320041990, 1248813407938154498, 1231063023681441794);
INSERT INTO `sy_role_permission_rel` VALUES (1248820790320041991, 1248813532366376961, 1231063023681441794);
INSERT INTO `sy_role_permission_rel` VALUES (1248820790320041992, 1248813635651112961, 1231063023681441794);
INSERT INTO `sy_role_permission_rel` VALUES (1248820790320041993, 1248813738407366658, 1231063023681441794);
INSERT INTO `sy_role_permission_rel` VALUES (1248820790320041994, 1248818158859849729, 1231063023681441794);
INSERT INTO `sy_role_permission_rel` VALUES (1248821806134333442, 1248775914815672322, 1235551571549786876);
INSERT INTO `sy_role_permission_rel` VALUES (1248821806138527746, 1248776060668399618, 1235551571549786876);
INSERT INTO `sy_role_permission_rel` VALUES (1248821806138527747, 1248777207479193601, 1235551571549786876);
INSERT INTO `sy_role_permission_rel` VALUES (1248821806138527748, 1248777324403806209, 1235551571549786876);
INSERT INTO `sy_role_permission_rel` VALUES (1248821806138527749, 1248777396365479937, 1235551571549786876);
INSERT INTO `sy_role_permission_rel` VALUES (1248821806138527750, 1248777484231954434, 1235551571549786876);
INSERT INTO `sy_role_permission_rel` VALUES (1248821806138527751, 1248776406081916929, 1235551571549786876);
INSERT INTO `sy_role_permission_rel` VALUES (1248821806138527752, 1248813407938154498, 1235551571549786876);
INSERT INTO `sy_role_permission_rel` VALUES (1248821806138527753, 1248813532366376961, 1235551571549786876);
INSERT INTO `sy_role_permission_rel` VALUES (1253562016944533505, 1248778367070031874, 1186593156003532801);
INSERT INTO `sy_role_permission_rel` VALUES (1253562016948727810, 1248778501308731394, 1186593156003532801);
INSERT INTO `sy_role_permission_rel` VALUES (1253562016948727811, 1248778567171887105, 1186593156003532801);
INSERT INTO `sy_role_permission_rel` VALUES (1253562016948727812, 1248781024111284225, 1186593156003532801);
INSERT INTO `sy_role_permission_rel` VALUES (1253562016948727813, 1248781811528945665, 1186593156003532801);
INSERT INTO `sy_role_permission_rel` VALUES (1253562016948727814, 1248781872363130881, 1186593156003532801);
INSERT INTO `sy_role_permission_rel` VALUES (1253562016948727815, 1248786332707639297, 1186593156003532801);
INSERT INTO `sy_role_permission_rel` VALUES (1253562016957116418, 1248788539582631938, 1186593156003532801);
INSERT INTO `sy_role_permission_rel` VALUES (1253562016957116419, 1248788626023043073, 1186593156003532801);
INSERT INTO `sy_role_permission_rel` VALUES (1253562016957116420, 1248788980798246913, 1186593156003532801);
INSERT INTO `sy_role_permission_rel` VALUES (1253562016957116421, 1253561663763165186, 1186593156003532801);
INSERT INTO `sy_role_permission_rel` VALUES (1253562016957116422, 1248790505310310402, 1186593156003532801);
INSERT INTO `sy_role_permission_rel` VALUES (1253562016957116423, 1248790584901423105, 1186593156003532801);
INSERT INTO `sy_role_permission_rel` VALUES (1253562016957116424, 1248790670624608257, 1186593156003532801);
INSERT INTO `sy_role_permission_rel` VALUES (1253562016957116425, 1248790722088718338, 1186593156003532801);
INSERT INTO `sy_role_permission_rel` VALUES (1253562016957116426, 1248791849802846209, 1186593156003532801);
INSERT INTO `sy_role_permission_rel` VALUES (1253562016957116427, 1248791926755741698, 1186593156003532801);
INSERT INTO `sy_role_permission_rel` VALUES (1253562016957116428, 1248792016924889089, 1186593156003532801);
INSERT INTO `sy_role_permission_rel` VALUES (1253562016957116429, 1248793530204606466, 1186593156003532801);
INSERT INTO `sy_role_permission_rel` VALUES (1253562016957116430, 1248793676233494530, 1186593156003532801);
INSERT INTO `sy_role_permission_rel` VALUES (1253562016957116431, 1248793759041638402, 1186593156003532801);
INSERT INTO `sy_role_permission_rel` VALUES (1253562016957116432, 1248793947470745602, 1186593156003532801);
INSERT INTO `sy_role_permission_rel` VALUES (1253562016961310722, 1248794086352539649, 1186593156003532801);
INSERT INTO `sy_role_permission_rel` VALUES (1253562016961310723, 1248794160893710337, 1186593156003532801);
INSERT INTO `sy_role_permission_rel` VALUES (1253562016961310724, 1248817134422069249, 1186593156003532801);
INSERT INTO `sy_role_permission_rel` VALUES (1253562016961310725, 1248795073314213889, 1186593156003532801);
INSERT INTO `sy_role_permission_rel` VALUES (1253562016961310726, 1248818904477077505, 1186593156003532801);
INSERT INTO `sy_role_permission_rel` VALUES (1253562016961310727, 1248798314575855617, 1186593156003532801);
INSERT INTO `sy_role_permission_rel` VALUES (1253562016961310728, 1248808096208777217, 1186593156003532801);
INSERT INTO `sy_role_permission_rel` VALUES (1253562016965505026, 1248813407938154498, 1186593156003532801);
INSERT INTO `sy_role_permission_rel` VALUES (1253562016965505027, 1248813532366376961, 1186593156003532801);
INSERT INTO `sy_role_permission_rel` VALUES (1253562016965505028, 1248809678736453634, 1186593156003532801);
INSERT INTO `sy_role_permission_rel` VALUES (1253562016965505029, 1248817677878038530, 1186593156003532801);
INSERT INTO `sy_role_permission_rel` VALUES (1253562016965505030, 1248818020980494337, 1186593156003532801);
INSERT INTO `sy_role_permission_rel` VALUES (1253562240047951873, 1248776767320543233, 1235551571549786114);
INSERT INTO `sy_role_permission_rel` VALUES (1253562240052146178, 1248776850233544705, 1235551571549786114);
INSERT INTO `sy_role_permission_rel` VALUES (1253562240052146179, 1248776953564418050, 1235551571549786114);
INSERT INTO `sy_role_permission_rel` VALUES (1253562240052146180, 1248781197906464769, 1235551571549786114);
INSERT INTO `sy_role_permission_rel` VALUES (1253562240052146181, 1248786332707639297, 1235551571549786114);
INSERT INTO `sy_role_permission_rel` VALUES (1253562240052146182, 1248789924218851330, 1235551571549786114);
INSERT INTO `sy_role_permission_rel` VALUES (1253562240052146183, 1248790025330937857, 1235551571549786114);
INSERT INTO `sy_role_permission_rel` VALUES (1253562240052146184, 1248790138191269889, 1235551571549786114);
INSERT INTO `sy_role_permission_rel` VALUES (1253562240056340481, 1248793599985242114, 1235551571549786114);
INSERT INTO `sy_role_permission_rel` VALUES (1253562240056340482, 1248793880936501250, 1235551571549786114);
INSERT INTO `sy_role_permission_rel` VALUES (1253562240056340483, 1248795073314213889, 1235551571549786114);
INSERT INTO `sy_role_permission_rel` VALUES (1253562240056340484, 1248795312825749506, 1235551571549786114);
INSERT INTO `sy_role_permission_rel` VALUES (1253562240056340485, 1248795433953054722, 1235551571549786114);
INSERT INTO `sy_role_permission_rel` VALUES (1253562240056340486, 1248795753856815105, 1235551571549786114);
INSERT INTO `sy_role_permission_rel` VALUES (1253562240056340487, 1248798314575855617, 1235551571549786114);
INSERT INTO `sy_role_permission_rel` VALUES (1253562240056340488, 1248808170099830785, 1235551571549786114);
INSERT INTO `sy_role_permission_rel` VALUES (1253562240056340489, 1248816635819986946, 1235551571549786114);
INSERT INTO `sy_role_permission_rel` VALUES (1253562240056340490, 1248816719949336577, 1235551571549786114);
INSERT INTO `sy_role_permission_rel` VALUES (1253562240056340491, 1248816795346145281, 1235551571549786114);
INSERT INTO `sy_role_permission_rel` VALUES (1253562240056340492, 1248816894956670977, 1235551571549786114);
INSERT INTO `sy_role_permission_rel` VALUES (1253562240060534786, 1248816961411223554, 1235551571549786114);
INSERT INTO `sy_role_permission_rel` VALUES (1253562240060534787, 1248808465718571010, 1235551571549786114);
INSERT INTO `sy_role_permission_rel` VALUES (1253562240060534788, 1248808548493160449, 1235551571549786114);
INSERT INTO `sy_role_permission_rel` VALUES (1253562240060534789, 1248813828740091906, 1235551571549786114);
INSERT INTO `sy_role_permission_rel` VALUES (1253562240060534790, 1248813900794040322, 1235551571549786114);
INSERT INTO `sy_role_permission_rel` VALUES (1253562240060534791, 1248809140821159937, 1235551571549786114);
INSERT INTO `sy_role_permission_rel` VALUES (1253562240060534792, 1248809205623156738, 1235551571549786114);
INSERT INTO `sy_role_permission_rel` VALUES (1253562240060534793, 1253561572545441794, 1235551571549786114);
INSERT INTO `sy_role_permission_rel` VALUES (1253562240060534794, 1248809921163030529, 1235551571549786114);
INSERT INTO `sy_role_permission_rel` VALUES (1253562240060534795, 1248810000024334338, 1235551571549786114);
INSERT INTO `sy_role_permission_rel` VALUES (1253562240064729089, 1248810059159826434, 1235551571549786114);
INSERT INTO `sy_role_permission_rel` VALUES (1253562240064729090, 1248810105716600833, 1235551571549786114);
INSERT INTO `sy_role_permission_rel` VALUES (1253562240064729091, 1248812169297268737, 1235551571549786114);
INSERT INTO `sy_role_permission_rel` VALUES (1253562240064729092, 1248812765513388034, 1235551571549786114);
INSERT INTO `sy_role_permission_rel` VALUES (1253562240064729093, 1248812837789634561, 1235551571549786114);
INSERT INTO `sy_role_permission_rel` VALUES (1253562240064729094, 1248813407938154498, 1235551571549786114);
INSERT INTO `sy_role_permission_rel` VALUES (1253562240064729095, 1248813532366376961, 1235551571549786114);
INSERT INTO `sy_role_permission_rel` VALUES (1253562240064729096, 1248809508821004289, 1235551571549786114);
INSERT INTO `sy_role_permission_rel` VALUES (1253562240064729097, 1248809592480591874, 1235551571549786114);
INSERT INTO `sy_role_permission_rel` VALUES (1253562240064729098, 1248817766734368769, 1235551571549786114);
INSERT INTO `sy_role_permission_rel` VALUES (1253562240064729099, 1248817860263153666, 1235551571549786114);
INSERT INTO `sy_role_permission_rel` VALUES (1253562240064729100, 1248817934531694594, 1235551571549786114);


